category,source_name,author,title,description,url,publishedAt,fetchedAt,neg,neu,pos,compound,sentiment_label
east_africa,Al Jazeera English,Christopher Hopkins,‘I have fought for Aaron’: A Ugandan mother confronts disability and stigma,"Martha Apolot, 21, rejected by her family and community when her disabled son was born, fights daily to meet his needs.",https://www.aljazeera.com/features/longform/2026/3/21/i-have-fought-for-aaron-a-ugandan-mother-confronts-disability-and-stigma,2026-03-21T09:42:23Z,2026-03-22T10:18:13.892424,0.296,0.704,0.0,-0.4939,negative
east_africa,The Punch,Punch Newspapers,"US expands visa bond to 50 countries, targets overstays with $15,000","The US is expanding its $15,000 visa bond program to 50 countries to curb overstays. Discover the affected nations and how the policy works.

Read More: https://punchng.com/us-expands-visa-bond-to-50-countries-targets-overstays-with-15000/",https://punchng.com/us-expands-visa-bond-to-50-countries-targets-overstays-with-15000/,2026-03-21T09:05:35Z,2026-03-22T10:18:13.892424,0.0,0.877,0.123,0.1027,positive
east_africa,The Times of India,Reuters,"In Africa, the cost of jet fuel is changing faster than you can fly","A war in the Middle East has disrupted jet fuel supplies, sending prices sky-high. African airlines are hit hardest, facing significant cost increases and potential shortages. Consumers can expect higher fares and surcharges. This global fuel crisis impacts f…",https://economictimes.indiatimes.com/news/international/business/in-africa-the-cost-of-jet-fuel-is-changing-faster-than-you-can-fly/articleshow/129716002.cms,2026-03-21T08:57:47Z,2026-03-22T10:18:13.892424,0.0,1.0,0.0,0.0,neutral
east_africa,The Times of India,AP,US to set up 12 regional disaster response hubs as it consolidates emergency humanitarian aid,"The State Department is creating twelve regional hubs to manage disaster and emergency aid. This initiative operates under a new Bureau of Disaster and Humanitarian Response. These hubs will be located across Latin America, Asia, Europe, and Africa. This move…",https://economictimes.indiatimes.com/news/international/global-trends/us-to-set-up-12-regional-disaster-response-hubs-as-it-consolidates-emergency-humanitarian-aid/articleshow/129715664.cms,2026-03-21T08:27:52Z,2026-03-22T10:18:13.892424,0.34,0.66,0.0,-0.7717,negative
east_africa,RT,RT,"Rhinos return to East African park for first time in over 40 years (PHOTOS, VIDEO)",Uganda has moved the first rhinos to Kidepo Valley National Park in 43 years as part of a plan to restore populations lost to poaching in the 1980s,https://www.rt.com/africa/635653-rhinos-return-to-uganda-park/,2026-03-21T08:04:14Z,2026-03-22T10:18:13.892424,0.0,1.0,0.0,0.0,neutral
east_africa,Christiantoday.com,Obianuju Mbah,"In many countries, people see others as morally good - but not in the US","Across 25 countries, people tend to see their fellow citizens as more morally good than bad, but there are sharp differences between nations and continuing divisions over issues such as abortion, homosexuality, gambling and divorce.",https://www.christiantoday.com/news/in-many-countries-people-see-others-as-morally-good-but-not-in-the-us,2026-03-21T07:07:00Z,2026-03-22T10:18:13.892424,0.0,0.878,0.122,0.2382,positive
east_africa,The Punch,Punch Newspapers,"JUST IN: Dangote hikes petrol price fifth time in March to N1,275/litre","The Dangote petrol price has been hiked for the fifth time in March, reaching N1,275 per litre. This marks a cumulative 64.7% price surge this month.

Read More: https://punchng.com/just-in-dangote-hikes-petrol-price-fifth-time-in-march-to-n1275-litre/",https://punchng.com/just-in-dangote-hikes-petrol-price-fifth-time-in-march-to-n1275-litre/,2026-03-21T06:39:51Z,2026-03-22T10:18:13.892424,0.0,1.0,0.0,0.0,neutral
east_africa,Abcnews.com,MONIKA PRONCZUK Associated Press,Secretive deal leaves deportees from the US stuck in Equatorial Guinea with 'no more hope',"Accounts are emerging from people deported from the U.S. to the African petrostate of Equatorial Guinea in a multi-million-dollar, third-country deal with the Trump administration",https://abcnews.com/US/wireStory/secretive-deal-leaves-deportees-us-stuck-equatorial-guinea-131278360,2026-03-21T05:59:50Z,2026-03-22T10:18:13.892424,0.11,0.715,0.176,0.2944,positive
east_africa,The Punch,Punch Newspapers,Cricket: Nigeria cruise past Zimbabwe as Rwanda breaks T20i record,"Nigeria’s women’s cricket team secures a dominant 8-wicket victory over Zimbabwe U-19, while Rwanda’s Fanny Uwagushimaninde sets a new T20i record.

Read More: https://punchng.com/cricket-nigeria-cruise-past-zimbabwe-as-rwanda-breaks-t20i-record/",https://punchng.com/cricket-nigeria-cruise-past-zimbabwe-as-rwanda-breaks-t20i-record/,2026-03-21T00:09:33Z,2026-03-22T10:18:13.892424,0.0,1.0,0.0,0.0,neutral
east_africa,Sky.com,Yousra Elbagir,Army chief was asked about woman 'murdered by British soldier' - his response was emphatic,"It took 13 years for an arrest warrant to be issued for the former British soldier charged over the murder of Agnes Wanjiru in Kenya. Now, a senior army leader has a message for her family.",https://news.sky.com/story/army-chief-was-asked-about-woman-murdered-by-british-soldier-his-response-was-emphatic-13522292,2026-03-21T00:01:00Z,2026-03-22T10:18:13.892424,0.239,0.761,0.0,-0.6597,negative
east_africa,The Punch,Punch Newspapers,"I left gospel music because it wasn’t profitable — Producer, Ozedikus","Producer Ozedikus Nwanne shares his journey, from leaving unprofitable gospel music to producing for stars like Rema and navigating the Afrobeats scene.

Read More: https://punchng.com/i-left-gospel-music-because-it-wasnt-profitable-producer-ozedikus/",https://punchng.com/i-left-gospel-music-because-it-wasnt-profitable-producer-ozedikus/,2026-03-20T23:50:04Z,2026-03-22T10:18:13.892424,0.0,0.775,0.225,0.4404,positive
east_africa,Bleeding Cool News,Ray Flook,RuPaul's Drag Race Season 18 Ep. 12 Preview: Cowboy Make-Over Time!,"If you didn't get a chance to check out our review of last week's round of MTV's RuPaul's Drag Race Season 18, go check it out and then come back. Welcome back! Now that you're up to speed, you know that Kenya Pleaser lost the lip sync challenge (to the tune …",https://bleedingcool.com/tv/rupauls-drag-race-season-18-ep-12-preview-cowboy-make-over-time/,2026-03-20T22:37:07Z,2026-03-22T10:18:13.892424,0.18,0.82,0.0,-0.2942,negative
east_africa,NPR,Fatma Tanis,How the Iran war threatens global food supply,About a third of all fertilizer shipped globally passes through the Strait of Hormuz.  Now shipping is all-but stopped through the Strait and this could have repercussions for the global food supply.,https://www.npr.org/2026/03/20/nx-s1-5750812/how-the-iran-war-threatens-global-food-supply,2026-03-20T19:35:21Z,2026-03-22T10:18:13.892424,0.52,0.48,0.0,-0.7579,negative
east_africa,Finovate.com,David Penn,"Finovate Global Canada: Mortgagetech, Real-Time Payments, and Top Investment Trends",This week’s edition of Finovate Global showcases recent fintech news from Canada. Royal Bank of Canada acquires mortgagetech Pinch Financial The Royal Bank of Canada (RBC) has acquired Toronto-based mortgagetech Pinch Financial. Terms of the transaction were …,https://finovate.com/finovate-global-canada-mortgagetech-real-time-payments-and-top-investment-trends/,2026-03-20T18:46:39Z,2026-03-22T10:18:13.892424,0.0,0.833,0.167,0.2023,positive
east_africa,New York Post,Associated Press,Uganda reintroduces rhinos into a protected area after they were poached to near-exctinction,Ugandan wildlife authorities have reintroduced rhinos into a remote protected area where they were once poached into extinction.,https://nypost.com/2026/03/20/world-news/uganda-reintroduces-rhinos-into-a-protected-area-after-they-were-poached-to-near-exctinction/,2026-03-20T18:18:57Z,2026-03-22T10:18:13.892424,0.0,0.805,0.195,0.4404,positive
east_africa,Breitbart News,John Binder,Exclusive: First Lady Melania Trump to Host 'Unprecedented' Global Coalition Summit at White House,"First Lady Melania Trump is set to make history, yet again, when she hosts the leaders of nearly 50 nations from across the world for the ""Fostering the Future Together"" Summit at the White House, which will also include the leaders of the nation's biggest te…",https://www.breitbart.com/politics/2026/03/20/exclusive-first-lady-melania-trump-to-host-unprecedented-global-coalition-summit-at-white-house/,2026-03-20T18:10:59Z,2026-03-22T10:18:13.892424,0.0,0.897,0.103,0.128,positive
east_africa,Bleeding Cool News,Eden Arnold,RuPaul's Drag Race Season 18 Episode 11: The Queens Toast & Roast!,"Welcome back to another week of MTV's RuPaul's Drag Race Season 18, or in last week's case, RuPaul's Love Fest, where everyone has a good time, and nobody goes home. For real, let's start chopping these queens because it's very clear who's finale material and…",https://bleedingcool.com/tv/rupauls-drag-race-season-18-episode-11-the-queens-toast-roast/,2026-03-20T17:37:07Z,2026-03-22T10:18:13.892424,0.166,0.834,0.0,-0.2942,negative
east_africa,Kevinmd.com,"Olumuyiwa Bamgbade, MD",How to manage a difficult patient and survive a high-conflict encounter,"Every difficult patient is not dangerous. But every high-conflict encounter carries risk. Doctors like to think clinical skill will protect them: It will not. In modern practice, a physician can make a sound decision, communicate it poorly, and still walk int…",https://kevinmd.com/2026/03/how-to-manage-a-difficult-patient-and-survive-a-high-conflict-encounter.html,2026-03-20T17:00:50Z,2026-03-22T10:18:13.892424,0.2,0.8,0.0,-0.3612,negative
east_africa,Abcnews.com,PATRICK ONEN Associated Press,Uganda reintroduces rhinos in protected area where they have been extinct since 1983,Ugandan wildlife authorities reintroduced rhinos into a remote protected area where the large mammals once were poached into extinction,https://abcnews.com/International/wireStory/uganda-reintroduces-rhinos-protected-area-extinct-1983-131252257,2026-03-20T16:27:42Z,2026-03-22T10:18:13.892424,0.0,0.805,0.195,0.4404,positive
east_africa,Crooksandliars.com,Heather,Billionaire Fox Guest Suggests That Homeless Should Go 'Live In Uganda',"This is the same Trump shill that made an appearance on Fox Business Network last week and told everyone that Trump just ended war as we know it.
Billionaire Republican donor John Catsimatidis who is a the former mayoral candidate, radio host, supermarket mag…",https://crooksandliars.com/2026/03/billionaire-fox-guest-suggests-homeless,2026-03-20T16:02:26Z,2026-03-22T10:18:13.892424,0.0,1.0,0.0,0.0,neutral
east_africa,BBC News,Nick Eardley,Border security chief steps down after 18 months in the role,Martin Hewitt had been tasked with cutting the numbers trying to get to the UK in small boats.,https://www.bbc.co.uk/news/articles/cx2dn1x9l3jo,2026-03-20T15:51:14Z,2026-03-22T10:18:13.892424,0.0,0.806,0.194,0.34,positive
east_africa,Deadline,Jesse Whittock,Don Cheadle Joins Doc Series ‘Vs. Goliath’ As Exec Producer,"EXCLUSIVE: Don Cheadle is joining the production crew of doc series Vs. Goliath. The Ocean’s Eleven, Iron Man 2 and Hotel Rwanda actor has become an exec producer on the show alongside The Solutions Project, a non-profit organization centered around climate j…",http://deadline.com/2026/03/don-cheadle-vs-goliath-exec-producer-1236759084/,2026-03-20T15:13:18Z,2026-03-22T10:18:13.892424,0.0,1.0,0.0,0.0,neutral
east_africa,RT,RT,Chad warns neighbor of retaliation,Chad has ordered its border with Sudan closed and warned of retaliation after a deadly drone strike killed more than a dozen people in Tine,https://www.rt.com/africa/635649-chad-warns-retaliation-against-sudan-cross-border-attacks/,2026-03-20T14:59:29Z,2026-03-22T10:18:13.892424,0.259,0.741,0.0,-0.1027,negative
east_africa,The Conversation Africa,"Hugh Corder, Professor Emeritus of Public Law, University of Cape Town",Fink Haysom fought tirelessly for justice and reconciliation – in South Africa and on the global stage,"The qualities forged by his intense involvement in the struggle for democratic practices shaped his approach to conflict and strife, wherever it occurred.",https://theconversation.com/fink-haysom-fought-tirelessly-for-justice-and-reconciliation-in-south-africa-and-on-the-global-stage-278922,2026-03-20T14:33:48Z,2026-03-22T10:18:13.892424,0.111,0.725,0.164,0.2732,positive
east_africa,KSAT San Antonio,Patrick Onen,Uganda reintroduces rhinos into a protected area where they have been extinct since 1983,Ugandan wildlife authorities reintroduced rhinos into a remote protected area where the large mammals once were poached into extinction.,https://www.ksat.com/tech/2026/03/20/uganda-reintroduces-rhinos-into-a-protected-area-where-they-have-been-extinct-since-1983/,2026-03-20T14:25:59Z,2026-03-22T10:18:13.892424,0.0,0.818,0.182,0.4404,positive
east_africa,TechRadar,Greg Lea,"How to watch La Liga 2025/26: live stream guide, TV channels and key dates","With Barcelona defending their crown, here's our full guide to watching La Liga 2025/26 season live streams, broadcasters and TV channels around the world.",https://www.techradar.com/how-to-watch/football/la-liga-2025-26,2026-03-20T14:00:00Z,2026-03-22T10:18:13.892424,0.0,1.0,0.0,0.0,neutral
east_africa,Plos.org,"Virginia Wainaina, Marie Pascaline Sabine Ishimwe, Ahmed Kiswezi Kazigo, Tshimanga Tshilumba, Jean de Dieu Rukamba, Theophilus Pius, Sawda Abdikarim Sheikh Isse, Theoneste Hakizimana",Human brucellosis in pregnancy in western Uganda: High seroprevalence and health risk factors identified in a cross-sectional study,"Author summary Brucellosis is a bacterial disease that spreads from livestock to people through unpasteurized milk, undercooked meat or direct animal contact. Although pregnancy is a vulnerable period, there is almost no information on how common the infectio…",https://journals.plos.org/plosntds/article?id=10.1371/journal.pntd.0014123,2026-03-20T14:00:00Z,2026-03-22T10:18:13.892424,0.11,0.89,0.0,-0.2732,negative
east_africa,Plos.org,"Alemakef Wagnew Melesse, Mahlet Alehegn, Tigabu Kidie",Pooled prevalence and co-occurrence of diarrhea and wasting and its associated factors among children aged 6–24 months in East Africa: Insight from recent demographic health survey: A multilevel analysis,"Background Young children experiencing both diarrhea and wasting (DW) are at increased risk of severe malnutrition, impaired immune function, and greater susceptibility to infections. This dual burden of illness significantly impacts their health, survival, a…",https://journals.plos.org/plosone/article?id=10.1371/journal.pone.0345508,2026-03-20T14:00:00Z,2026-03-22T10:18:13.892424,0.088,0.912,0.0,-0.4019,negative
east_africa,The Atlantic,Alan Taylor,"Photos of the Week: Amish Birders, Oscar Winner, Newborn Sloth","Blizzard conditions in Wisconsin, lava flows on the island of Réunion, military drills in the Canadian Arctic, and much more",https://www.theatlantic.com/photography/2026/03/photos-week-amish-birders-oscar-winner-newborn-sloth/686460/,2026-03-20T13:00:00Z,2026-03-22T10:18:13.892424,0.0,0.703,0.297,0.5859,positive
east_africa,The Punch,Punch Newspapers,"South Africa, others seek fuel deal with Dangote refinery amid global crisis","South Africa and other African nations seek a fuel deal with the Dangote refinery to secure supplies amid disruptions from the global energy crisis.

Read More: https://punchng.com/south-africa-others-seek-fuel-deal-with-dangote-refinery-amid-global-crisis/",https://punchng.com/south-africa-others-seek-fuel-deal-with-dangote-refinery-amid-global-crisis/,2026-03-20T12:54:32Z,2026-03-22T10:18:13.892424,0.272,0.728,0.0,-0.6249,negative
east_africa,Freerepublic.com,AmmoLand,Old Dominion Terror Attack Exposes the Myth of Gun Tracing,"The gun used in the terror attack on Old Dominion University was a stolen .22 caliber handgun that uses 10-round magazines. The pistol was untraceable for two common reasons. First, the gun was stolen. This breaks any chain of custody. A trace only goes to th…",https://freerepublic.com/focus/f-bloggers/4371435/posts,2026-03-20T12:35:41Z,2026-03-22T10:18:13.892424,0.634,0.366,0.0,-0.8555,negative
east_africa,CBS Sports,Jack Maloney,35 WNBA Draft prospects to watch in the 2026 NCAA Tournament,"The 2026 WNBA Draft is set for April 13, and fans should get familiar with these names",https://www.cbssports.com/wnba/news/35-wnba-draft-prospects-to-watch-2026-ncaa-tournament/,2026-03-20T12:14:32Z,2026-03-22T10:18:13.892424,0.0,0.82,0.18,0.296,positive
east_africa,NPR,Gabrielle Emanuel,He's one reason why aid cuts weren't as dire for the HIV population as predicted,Harerimana Ismail of Uganda is a community health worker who checks on kids with HIV. He lost his salary after the Trump administration's aid cuts but he keeps doing his job.,https://www.npr.org/2026/03/20/nx-s1-5746630/hiv-aids-trump-administration-aid-cuts,2026-03-20T12:10:44Z,2026-03-22T10:18:13.892424,0.124,0.735,0.14,0.0721,positive
east_africa,Mediatakeout.com,Lyndon Abioye,Bravo Says Brit Eady Is Trying to “Rewrite History” in $20 Million Lawsuit,"Bravo is determined to hold on to its coins and is pushing back against a $20 million lawsuit filed by former The Real Housewives of Atlanta cast member Brit Eady, arguing that she understood the nature of the show before signing on. Brit, who appeared for on…",https://mediatakeout.com/bravo-says-brit-eady-is-trying-to-rewrite-history-in-20-million-lawsuit/,2026-03-20T10:04:00Z,2026-03-22T10:18:13.892424,0.137,0.863,0.0,-0.2263,negative
east_africa,RT,RT,African states agree to ‘de-escalate tensions’ after Washington talks,Rwanda and DR Congo have committed to respect each other’s sovereignty and take steps to address security concerns after talks in Washington Read Full Article at RT.com,https://www.rt.com/africa/635599-rwanda-drcongo-agree-peace-measures-washington-talks/,2026-03-20T09:17:29Z,2026-03-22T10:18:13.892424,0.0,0.762,0.238,0.3612,positive
east_africa,Grist,Leslie Davenport,Ask a Climate Therapist: How can I balance my travel itch with guilt about emissions?,"Licensed therapist Leslie Davenport advises a reader who loves to travel, but worries about its impact on the planet.",https://grist.org/culture/ask-a-climate-therapist-balancing-travel-itch-with-guilt-about-emissions/,2026-03-20T08:30:00Z,2026-03-22T10:18:13.892424,0.13,0.87,0.0,-0.2732,negative
east_africa,Al Jazeera English,Al Jazeera Staff,‘It helps us survive’: Poverty forces children into mine work in DR Congo,"Congolese authorities say 70 children died in a landslide at the Rubaya mine, source of much of the world’s coltan.",https://www.aljazeera.com/features/2026/3/20/it-helps-us-survive-poverty-forces-children-into-mine-work-in-dr-congo,2026-03-20T08:15:20Z,2026-03-22T10:18:13.892424,0.195,0.651,0.154,-0.1779,negative
east_africa,War on the Rocks,"Audrye Wong, Derek Scissors",What the Donroe Doctrine Could Mean for China’s Economic Statecraft,"In the first few months of 2026, the Trump administration has embarked on military interventions in Iran and Venezuela and threatened possible annexation of Greenland. Meanwhile, German Chancellor Friedrich Merz’s February trip to Beijing followed on the heel…",https://warontherocks.com/2026/03/what-the-donroe-doctrine-could-mean-for-chinas-economic-statecraft/,2026-03-20T07:15:59Z,2026-03-22T10:18:13.892424,0.0,1.0,0.0,0.0,neutral
east_africa,The Times of India,Reuters,War in Iran threatens fresh food-price shock across developing world,A conflict in Iran is disrupting vital fertiliser supplies and driving up energy costs. This is poised to cause a significant increase in food prices for developing countries. Many nations were just recovering from previous global crises. The situation threat…,https://economictimes.indiatimes.com/news/international/world-news/war-in-iran-threatens-fresh-food-price-shock-across-developing-world/articleshow/129694705.cms,2026-03-20T07:15:04Z,2026-03-22T10:18:13.892424,0.523,0.345,0.132,-0.7783,negative
east_africa,Abcnews.com,"ANIRUDDHA GHOSAL Associated Press, ANTON L. DELGADO Associated Press, ALLAN OLINGO Associated Press",Energy fallout from Iran war signals a global wake-up call for renewable energy,The Iran war is exposing how much the global economy still depends on fragile fossil fuel supplies,https://abcnews.com/Business/wireStory/energy-fallout-iran-war-signals-global-wake-call-131242469,2026-03-20T06:47:29Z,2026-03-22T10:18:13.892424,0.215,0.552,0.232,-0.1779,negative
east_africa,Sporting News,Jake Mozarsky,"John Bol free throws, explained: Why UCF big man adopted bizare one-arm motion at the line",The UCF center has one of the more interesting free throw motions in interesting college basketball memory.,https://www.sportingnews.com/us/ncaa-basketball/news/john-bol-free-throws-ucf-big-man-bizare-one-arm-motion-line/278a288e47323092844e20ad,2026-03-20T06:20:02Z,2026-03-22T10:18:13.892424,0.0,0.82,0.18,0.5106,positive
east_africa,Financial Post,Bloomberg News,Dangote Faces Surge in Fuel Demand as War Disrupts Africa Supply,Nigerian billionaire Aliko Dangote’s refinery is being flooded with inquiries as African governments scramble to secure fuel supplies after the Iran war disrupted flows.,https://financialpost.com/pmn/business-pmn/dangote-faces-surge-in-fuel-demand-as-war-disrupts-africa-supply,2026-03-20T06:16:24Z,2026-03-22T10:18:13.892424,0.375,0.625,0.0,-0.6597,negative
east_africa,ArchDaily,Antonia Piñeiro,Kéré Architecture Designs Healthcare Center in Burundi Using Regional Materials and Community-Based Construction,"Kéré Architecture has designed a new healthcare center in the Bubanza region of Burundi, about 40 kilometers north of the country's former capital, Bujumbura. Commissioned by the NGO Ineza Clinic, the project aims to improve access to healthcare for the regio…",https://www.archdaily.com/1039821/kere-architecture-designs-healthcare-center-in-burundi-using-regional-materials-and-community-based-construction,2026-03-20T05:30:00Z,2026-03-22T10:18:13.892424,0.0,1.0,0.0,0.0,neutral
east_africa,New York Post,Phyllis Chesler,Stand up to abusers like Cesar Chavez,"The nation’s still reeling from revelations about the late Cesar Chavez, the much-lauded Mexican-American civil rights hero and leader of the United Farm Workers. His routine and long-term pedophilic sexual assaults of girls as young as 13 and 15 are now know…",https://nypost.com/2026/03/19/opinion/in-chavez-case-women-again-silenced-for-the-struggle/,2026-03-20T03:25:08Z,2026-03-22T10:18:13.892424,0.324,0.45,0.225,-0.2732,negative
east_africa,Abcnews.com,EDITH M. LEDERER Associated Press,"Anti-apartheid activist, human rights campaigner and UN diplomat Nicholas Haysom dies at age 73",Nicholas Haysom has died at 73,https://abcnews.com/US/wireStory/anti-apartheid-activist-human-rights-campaigner-diplomat-nicholas-131239238,2026-03-20T01:40:38Z,2026-03-22T10:18:13.892424,0.0,1.0,0.0,0.0,neutral
global,The Times of India,Pradeep Gupta,Grand Cheti Chand Mahayatra draws massive crowds in Ulhasnagar,"Ulhasnagar witnessed a grand Cheti Chand Mahayatra 2026, a vibrant procession celebrating the Sindhi community's most important festival. Thousands of devotees participated with immense enthusiasm, chanting ""Jhulelal Sai"" as the yatra moved through the city, …",https://timesofindia.indiatimes.com/city/thane/grand-cheti-chand-mahayatra-draws-massive-crowds-in-ulhasnagar/articleshow/129716869.cms,2026-03-21T10:18:09Z,2026-03-22T10:18:15.512641,0.0,0.727,0.273,0.4588,positive
global,BusinessLine,PTI,Navy set to commission frontline stealth frigate 'Taragiri' on Apr 3,"‘Taragiri,’ the fourth platform of the Project 17A class, is a 6,670-tonne representation of the ‘Make in India’ spirit and indigenous engineering capabilities, a Navy spokesperson said",https://www.thehindubusinessline.com/news/national/navy-set-to-commission-frontline-stealth-frigate-taragiri-on-apr-3/article70768882.ece,2026-03-21T10:18:03Z,2026-03-22T10:18:15.512641,0.115,0.885,0.0,-0.0772,negative
global,Github.com,realaleris149,Show HN: World Time TUI,I work with people from multiple time zones and is hard to tell immediately what hour will be appropriate for a meeting or an online chat sync. I was using some web apps but lately they are full of ads.I thought a quick to use terminal app would help so I've …,https://github.com/aleris/woti,2026-03-21T10:17:09Z,2026-03-22T10:18:15.512641,0.0,1.0,0.0,0.0,neutral
global,Android Central,"nickodiaz@sbcglobal.net (Nickolas Diaz) , Nickolas Diaz","If you're looking for the OnePlus Watch 4, this leak says it just passed a crucial hurdle","We might expect a OnePlus Watch 4 launch soon in 2026, as this rumor claimed it's moving through certification with leaked details.",https://www.androidcentral.com/wearables/oneplus-watch/if-youre-looking-for-the-oneplus-watch-4-this-leak-says-it-just-passed-a-crucial-hurdle,2026-03-21T10:17:00Z,2026-03-22T10:18:15.512641,0.147,0.853,0.0,-0.4118,negative
global,Yahoo Entertainment,Chantel Jennings,Tennessee’s lost its edge. Can the Lady Vols get it back?,"On the very first page of Tennessee coach Kim Caldwell’s contract is a line that encapsulates the importance of women’s hoops in Knoxville. “In the event the women’s basketball team wins the NCAA National Championship, (Caldwell’s) base pay will be increased,…",https://sports.yahoo.com/articles/tennessee-lost-edge-lady-vols-101606863.html,2026-03-21T10:16:06Z,2026-03-22T10:18:15.512641,0.187,0.813,0.0,-0.3182,negative
global,The Football Faithful,The Football Faithful,Rangers vs Aberdeen – Predicted lineup and team news,Rangers and Aberdeen meet in the Scottish Premiership at Ibrox Stadium on Saturday in a crucial Matchday 31 clash as the campaign heads towards its business end.Danny Rohl’s side sit third in the ta...,https://thefootballfaithful.com/rangers-vs-aberdeen-predicted-lineup-and-team-news-2/,2026-03-21T10:15:00Z,2026-03-22T10:18:15.512641,0.0,1.0,0.0,0.0,neutral
global,The Football Faithful,The Football Faithful,Rangers vs Aberdeen – Match preview and team news,"Rangers and Aberdeen go head-to-head in the Scottish Premiership at Ibrox Stadium on Saturday, in a key Matchday 31 encounter as the league season moves into its decisive phase.Rangers vs Aberdeen –...",https://thefootballfaithful.com/rangers-vs-aberdeen-match-preview-and-team-news-2/,2026-03-21T10:15:00Z,2026-03-22T10:18:15.512641,0.0,1.0,0.0,0.0,neutral
global,Chelsea.news,The Chelsea News,“I’m sure he” – Liam Delap lifts the lid on Reece James’ hamstring injury,Liam Delap believes Reece James will be back sooner than expected after suffering a hamstring injury at the end of the defeat to Newcastle earlier this month.DOWNLOAD THE OFFICIAL CHELSEA NEWS APP FOR...,https://chelsea.news/2026/03/liam-delap-reece-james-chelsea-injury/,2026-03-21T10:15:00Z,2026-03-22T10:18:15.512641,0.164,0.702,0.135,-0.128,negative
global,Tom's Hardware UK,"editors@tomshardware.com (Aaron Klotz) , Aaron Klotz","YouTuber transforms Xbox Series X into a gaming PC with 3D printed components, low-profile RTX 5060, and NUC 12 Extreme","A YouTuber has modded an Xbox Series X with PC parts, featuring a NUC 12 Extreme with a Core i7-12700, low-profile Gigabyte RTX 5060, and PSU while keeping the console's DVD drive intact.",https://www.tomshardware.com/desktops/gaming-pcs/youtuber-transforms-xbox-series-x-into-a-gaming-pc-with-3d-printed-components-low-profile-rtx-5060-and-nuc-12-extreme,2026-03-21T10:15:00Z,2026-03-22T10:18:15.512641,0.0,1.0,0.0,0.0,neutral
global,Fortune,Orianna Rosa Royle,"Covid gave us hybrid work. The Iran War might give us a four-day week—and this time, experts say it could stick","As governments across Asia slash the working week to save energy amid the Iran War, workers have never been closer to a permanent four-day week—but it won't be for everyone.",https://fortune.com/2026/03/21/covid-gave-us-hybrid-work-the-iran-war-might-give-us-a-four-day-week-and-this-time-experts-say-it-could-stick/,2026-03-21T10:14:00Z,2026-03-22T10:18:15.512641,0.163,0.837,0.0,-0.5994,negative
global,Mobileread.com,pynch,"Thackeray, W.M.: The Book of Snobs | Illustrated | v.1.0 | 21 Mar 2026 (Other Fiction, ePub)","Other Fiction Thackeray, W.M.: The Book of Snobs | Illustrated | v.1.0 | 21 Mar 2026 ePub Books",https://www.mobileread.com/forums/showthread.php?t=372665,2026-03-21T10:13:07Z,2026-03-22T10:18:15.512641,0.13,0.87,0.0,-0.34,negative
global,The Intercept,"Noah Hurowitz, Austin Campbell",Hegseth Makes Troops Prove “Sincerely Held” Faith in Latest Beard Crackdown,"Hegseth’s obsession with beards risks jeopardizing religious liberties as the military undergoes an apparent Christian nationalist turn.
The post Hegseth Makes Troops Prove “Sincerely Held” Faith in Latest Beard Crackdown appeared first on The Intercept.",https://theintercept.com/2026/03/21/hegseth-military-beard-hair-crackdown/,2026-03-21T10:13:00Z,2026-03-22T10:18:15.512641,0.0,0.781,0.219,0.4215,positive
global,Sputnikglobe.com,Sputnik International,German Military's Costly Digital Overhaul Poses 'Danger' to Soldiers,"A second field test of the Digitalization of Land-Based Operations (D-LBO) project, which costs the equivalent of over $12B and aims to network vehicles, troops, and sensors to enhance command, had to be aborted last year due to critical failures, reports Wel…",https://sputnikglobe.com/20260321/german-militarys-costly-digital-overhaul-poses-danger-to-soldiers-1123872934.html,2026-03-21T10:12:03Z,2026-03-22T10:18:15.512641,0.407,0.593,0.0,-0.5859,negative
global,Sporting News,Jake Mozarsky,Who is Boozer twins' mom? Meet Duke supermom CeCe Boozer and her viral support of the Blue Devils,"Meet the mother of Cameron and Cayden Boozer, who has been a frequent appearance at Duke games this season.",https://www.sportingnews.com/us/ncaa-basketball/news/boozer-twins-mom-duke-cece-boozer-viral-support-blue-devils/ef31e89d753f955dfb47763e,2026-03-21T10:10:01Z,2026-03-22T10:18:15.512641,0.165,0.714,0.121,-0.25,negative
global,Onefootball.com,OneFootball, This week’s kit news ,"Official announcements, leaks, and great finds: OneFootball gives you a complete update on this week’s kit news! Belgium – Away Kit World Cup 2026 (official)You’ve surely seen it: during...",https://onefootball.com/en/news/this-weeks-kit-news-42592313,2026-03-21T10:10:00Z,2026-03-22T10:18:15.512641,0.0,1.0,0.0,0.0,neutral
global,BBC News,BBC,Blades test gives chance to right wrongs of Watford loss,Zak Vyner feels Wrexham's contest with Sheffield United will give the Red Dragons the chance to put things right following their 3-1 loss to Watford.,https://www.bbc.com/sport/football/articles/cdrmlmlegkro?xtor=AL-72-%5Bpartner%5D-%5Byahoo.north.america%5D-%5Bheadline%5D-%5Bsport%5D-%5Bbizdev%5D-%5Bisapi%5D,2026-03-21T10:09:13Z,2026-03-22T10:18:15.512641,0.187,0.65,0.163,-0.0772,negative
global,Motorsport.com,Heiko Stritzke,Max Verstappen Claims Pole for NLS2 race at Nordschleife,"Verstappen delivers another Nordschleife masterclass, putting his Winward-AMG nearly two seconds clear of the pack – while late-session chaos left the rest of the field scrambling",https://www.motorsport.com/NLS/news/max-verstappen-claims-pole-for-nls2-race-at-nordschleife/10806948/,2026-03-21T10:07:59Z,2026-03-22T10:18:15.512641,0.0,1.0,0.0,0.0,neutral
global,The Times of India,Kimberly Colaco,Sacred waters: A journey through the ancient Mhadei Wildlife Sanctuary,"On the occasion of world Water Day, Goa Times take a trip to the sacred waters of the Mhadei River – the main source of Goa’s portable water. The Mhad.",https://timesofindia.indiatimes.com/entertainment/events/goa/sacred-waters-a-journey-through-the-ancient-mhadei-wildlife-sanctuary/articleshow/129716652.cms,2026-03-21T10:07:53Z,2026-03-22T10:18:15.512641,0.0,1.0,0.0,0.0,neutral
global,autosport.com,Heiko Stritzke,Verstappen claims NLS2 pole for Nordschleife race,"Max Verstappen hasn't just returned to the ""Green Hell"", he’s currently owning it. In a qualifying session defined by lengthy interruptions and tactical gambles, the four-time Formula 1 World Champion delivered a masterclass behind the wheel of the #3 Winward…",https://www.autosport.com/NLS/news/verstappen-claims-nls2-pole-for-nordschleife-race/10806952/,2026-03-21T10:07:50Z,2026-03-22T10:18:15.512641,0.0,1.0,0.0,0.0,neutral
global,LADbible,Olivia Burke,Footage of Justin Timberlake being arrested after failing sobriety test released,Bodycam video showing Justin Timberlake's June 2024 arrest has been released and he is seen telling cops he found the sobriety tests 'really hard'.,https://www.ladbible.com/news/crime/justin-timberlake-arrest-footage-new-york-sobriety-test-released-360652-20260321,2026-03-21T10:07:43Z,2026-03-22T10:18:15.512641,0.416,0.584,0.0,-0.7506,negative
global,Hawk Central,"Cooper Worth, Des Moines Register",Where is Fairleigh Dickinson? Meet Iowa women's March Madness opponent,"All teams playing in this year's March Madness are set, and Iowa women's basketball opens up the tournament against Fairleigh Dickinson. What to know.",https://www.hawkcentral.com/story/sports/college/iowa/basketball-women/2026/03/21/where-is-fairleigh-dickinson-iowa-womens-basketball-team-ncaa-tournament/89209755007/,2026-03-21T10:07:22Z,2026-03-22T10:18:15.512641,0.244,0.756,0.0,-0.4404,negative
global,BusinessLine,Reuters,"Iran war's energy impact forces world to pay up, cut consumption",The crisis has removed about 400 million barrels—four days of global supply—causing prices to rise by approximately 50%,https://www.thehindubusinessline.com/news/world/iran-wars-energy-impact-forces-world-to-pay-up-cut-consumption/article70768858.ece,2026-03-21T10:07:00Z,2026-03-22T10:18:15.512641,0.257,0.588,0.154,-0.1027,negative
global,BBC News,,21/03/2026 10:01 GMT,The latest five minute news bulletin from BBC World Service.,https://www.bbc.co.uk/programmes/w172zwx5m859kfm,2026-03-21T10:06:00Z,2026-03-22T10:18:15.512641,0.0,1.0,0.0,0.0,neutral
global,Anime News Network,,Manga Plus Releases Maki Kanemaki's The Hero's Bereaved Family Manga in English,"Manga about inheritance battle between ""womanizing hero's love-starved children"" launched in January",https://www.animenewsnetwork.com/news/2026-03-21/manga-plus-releases-maki-kanemaki-the-hero-bereaved-family-manga-in-english/.235523,2026-03-21T10:05:00Z,2026-03-22T10:18:15.512641,0.22,0.78,0.0,-0.4767,negative
global,Breitbart News,Oliver JJ Lane,Iran Launches Ballistic Missiles at Critical UK-U.S. Strategic Airbase Diego Garcia,"Iran attempted to strike Diego Garcia, the Indian Ocean island base critically enabling U.S. strikes, with a pair of ballistic missiles.
The post Iran Launches Ballistic Missiles at Critical UK-U.S. Strategic Airbase Diego Garcia appeared first on Breitbart.",https://www.breitbart.com/europe/2026/03/21/iran-launches-ballistic-missiles-at-critical-uk-u-s-strategic-airbase-diego-garcia/,2026-03-21T10:04:55Z,2026-03-22T10:18:15.512641,0.187,0.813,0.0,-0.3182,negative
global,USA Today,"Tim Healey, Fighting Irish Wire","Notre Dame vs. Fairfield today: Time, TV for NCAA Tournament game",Notre Dame plays Fairfield in the first round of the NCAA Tournament. Here's how to watch all the action of the first-round matchup.,https://fightingirishwire.usatoday.com/story/sports/college/fighting-irish/womens-basketball/2026/03/21/notre-dame-fairfield-channel-today-time-tv-schedule-streaming-info-ncaa-tournament-womens/89246980007/,2026-03-21T10:04:44Z,2026-03-22T10:18:15.512641,0.0,1.0,0.0,0.0,neutral
global,Themarthablog.com,Martha Stewart,A Guest Blog from a Visit to The Bedford by Martha Stewart at Paris Las Vegas,"If you're on the west coast and near Southern Nevada, be sure to make reservations at my first-ever restaurant, The Bedford by Martha Stewart at Paris Las Vegas. The 194-seat dining destination was inspired by my own 1925 farmhouse in Westchester, New York. T…",https://www.themarthablog.com/2026/03/a-guest-blog-from-a-visit-to-the-bedford-by-martha-stewart-at-paris-las-vegas.html,2026-03-21T10:01:54Z,2026-03-22T10:18:15.512641,0.0,1.0,0.0,0.0,neutral
global,Business Insider,"Grace Kay,Ashley Stewart,Pranav Dixit",Meet the executive with Silicon Valley's trickiest job,"Nearly 8 months into her job as OpenAI's CEO of Applications, Fidji Simo must start minting money while convincing staffers the mission hasn't changed.",https://www.businessinsider.com/fidji-simo-openai-product-research-profitability-profile-2026-3,2026-03-21T10:01:01Z,2026-03-22T10:18:15.512641,0.239,0.761,0.0,-0.296,negative
global,Lenscratch.com,Aline Smithson,Jordan Tovin: A Shaw Diary,"A year ago, Jordan Tovin won the 2025 Lenscratch Prize with his project, A Shaw Diary. He has continued his interest in a neighborhood struggling for identity during gentrification, as he follows a multigenerational family embedded in a community undergoing t…",http://lenscratch.com/2026/03/jordan-tovin/,2026-03-21T10:00:53Z,2026-03-22T10:18:15.512641,0.0,1.0,0.0,0.0,neutral
global,TheJournal.ie,Kate Henshaw,Irish mum couldn't find special PJs to suit her son's needs - so she created her own,"Aoife Cotter became the change she wanted to see for Ted, 8, with her ethical and funky range of adaptive clothing.",https://www.thejournal.ie/born-zippy-adaptive-clothing-irish-company-6989803-Mar2026/,2026-03-21T10:00:52Z,2026-03-22T10:18:15.512641,0.116,0.768,0.117,0.0053,neutral
global,BusinessLine,PTI,"USCIRF report row: 275 former judges, veterans oppose RSS ban recommendation",The signatories raised concerns over what they described as a recurring pattern of negative portrayal of Indian institutions without adequate evidence,https://www.thehindubusinessline.com/news/uscirf-report-row-275-former-judges-veterans-oppose-rss-ban-recommendation/article70768861.ece,2026-03-21T10:00:47Z,2026-03-22T10:18:15.512641,0.265,0.735,0.0,-0.5574,negative
global,Bitcoinist,Rubmar Garcia,"Gemini, Winklevoss Twins Hit With Class-Action Lawsuit Over Post-IPO Strategy Pivot, Stock Decline","Shareholders filed a class action lawsuit in New York against crypto exchange Gemini, co-founders Tyler and Cameron Winklevoss, and multiple executives, alleging that the exchange misled investors during its 2025 initial public offering (IPO). Related Reading…",https://bitcoinist.com/gemini-lawsuit-ipo-strategy-pivot-stock-decline/,2026-03-21T10:00:46Z,2026-03-22T10:18:15.512641,0.137,0.863,0.0,-0.2263,negative
global,ZDNet,Mark Samuels,4 tips for building better AI agents that your business can trust,Agents are coming. Here are four ways to prepare for the AI-powered workplace revolution.,https://www.zdnet.com/article/4-tips-for-building-better-ai-agents-business-can-count-on/,2026-03-21T10:00:43Z,2026-03-22T10:18:15.512641,0.0,0.617,0.383,0.7351,positive
global,Geeky Gadgets,Roland Hutchinson,iPhone Fold Display Leaked: Apple’s ‘Invisible Crease’ Might Finally End the Foldable War,"Apple is reportedly preparing to make its mark in the foldable smartphone market with the highly anticipated iPhone Fold. Industry leaks and reports suggest that this device could address some of the most persistent challenges in foldable technology, such as …",https://www.geeky-gadgets.com/iphone-fold-display-crease/,2026-03-21T10:00:34Z,2026-03-22T10:18:15.512641,0.36,0.64,0.0,-0.7351,negative
global,Screen Rant,Jared Stewart,The Last of Us Season 3’s Big New Character is a Massive Series Retcon,"The Last of Us Season 3 has reportedly cast new characters, and one of them could technically be a recast of a key role that has since been hidden.",https://screenrant.com/last-of-us-season-3-abby-dad-patrick-wilson-retcon/,2026-03-21T10:00:29Z,2026-03-22T10:18:15.512641,0.0,1.0,0.0,0.0,neutral
global,New York Magazine,Zak Cheney-Rice,The World Baseball Classic Was Supposed to Avoid Politics. Then Came Team USA.,"The World Baseball Classic had strict rules prohibiting political speech. Before it lost to Venezuela, Team USA showed how those rules benefit the powerful.",http://nymag.com/intelligencer/article/world-baseball-classic-usa-venezuela-trump-politics.html,2026-03-21T10:00:27Z,2026-03-22T10:18:15.512641,0.155,0.845,0.0,-0.296,negative
global,National Post,Special to National Post,Warren Kinsella: How Iran stage-manages anti-Israel campaigns in the West,Book excerpt: Iran has invested considerable resources as puppet-masters of protests in western democracies. It has paid many dividends.,https://nationalpost.com/news/warren-kinsella-how-iran-stage-manages-anti-israel-campaigns-in-the-west,2026-03-21T10:00:12Z,2026-03-22T10:18:15.512641,0.0,1.0,0.0,0.0,neutral
global,Gizmodo.com,Ece Yildirim,Pinterest CEO Backs Social Media Ban for Kids Under 16,The CEO likened social media companies to Big Tobacco.,https://gizmodo.com/pinterest-ceo-backs-social-media-ban-for-kids-under-16-2000736278,2026-03-21T10:00:08Z,2026-03-22T10:18:15.512641,0.375,0.625,0.0,-0.5859,negative
global,CryptoSlate,News Desk,"BlinkEx investment platform infrastructure – matching, risk controls, reliability","How the BlinkEx trading platform is built – matching speed, risk controls, and reliability. A сomprehensive review What “trading infrastructure” actually means here If you strip away marketing, an exchange's infrastructure is basically three things: how order…",https://cryptoslate.com/blinkex-investment-platform-infrastructure-matching-risk-controls-reliability/,2026-03-21T10:00:05Z,2026-03-22T10:18:15.512641,0.208,0.792,0.0,-0.2732,negative
global,Sporting News,Kyle Bonn,"Arsenal vs. Man City head to head, all-time results, cup finals, trophies won and more","In recent years, Arsenal and Manchester City have developed a heated rivalry which has blossomed into one of the most entertaining fixtures in English football.",https://www.sportingnews.com/us/soccer/news/arsenal-vs-man-city-head-head-all-time-results-finals-trophies/672071bd1805c7529d217fd6,2026-03-21T10:00:02Z,2026-03-22T10:18:15.512641,0.0,0.791,0.209,0.5719,positive
global,TechRadar,"alexblake.techradar@gmail.com (Alex Blake) , Alex Blake",'Some people simply love smaller phones': Apple launched the iPhone SE ten years ago today — and it makes me long for an iPhone 17 mini,The original iPhone SE launched 10 years ago today — and its impact is still being felt.,https://www.techradar.com/phones/some-people-simply-love-smaller-phones-apple-launched-the-iphone-se-ten-years-ago-today-and-it-makes-me-long-for-an-iphone-17-mini,2026-03-21T10:00:00Z,2026-03-22T10:18:15.512641,0.0,0.808,0.192,0.6908,positive
global,Nintendo Life,Gavin Lane,Talking Point: What Are You Playing This Weekend? (21st March),"Pokémoar?It's Saturday, lovely people, and we're back after another packed week in the world of video games!Well, it wasn't too packed, Nintendo-wise, but it still felt busy as Pokopia continues to dominate the Switch-2-dom, and Nintendo itself just casually …",https://www.nintendolife.com/features/talking-point-what-are-you-playing-this-weekend-21st-march,2026-03-21T10:00:00Z,2026-03-22T10:18:15.512641,0.0,0.833,0.167,0.2023,positive
global,PCMag.com,Brian Westover,Razer Blade 18 (Intel Core Ultra 9 275HX),"Finding a massive gaming laptop that can double as a creator’s workstation isn't difficult. Finding one that doesn't look like a piece of industrial machinery...that's a taller order. The latest Razer Blade 18 (starts at $3,499.99; $5,199.99 as tested) is arg…",https://me.pcmag.com/en/laptops/36084/razer-blade-18-intel-core-ultra-9-275hx,2026-03-21T10:00:00Z,2026-03-22T10:18:15.512641,0.0,1.0,0.0,0.0,neutral
global,The New Republic,Greg Sargent,Trump Erupts in Fury Over His War Failures—and Exposes a Big Weakness,"Judging by Donald Trump’s outbursts of late, he can’t seem to decide whether reopening the Strait of Hormuz is easy or hard. He also can’t seem to decide whether he needs international allies to help with this urgent task or not. Iran’s blockade on oil shipme…",https://newrepublic.com/article/208047/trump-war-failures-exposes-weakness,2026-03-21T10:00:00Z,2026-03-22T10:18:15.512641,0.598,0.402,0.0,-0.8979,negative
global,The New Yorker,Naomi Fry,The Style Is the Substance in Sofia Coppola’s Marc Jacobs Documentary,"The designer has experienced a fair amount of tumult in his life. But “Marc by Sofia” addresses none of this, instead stringing together an assortment of gauzy images.",https://www.newyorker.com/culture/critics-notebook/the-style-is-the-substance-in-sofia-coppolas-marc-jacobs-documentary,2026-03-21T10:00:00Z,2026-03-22T10:18:15.512641,0.0,1.0,0.0,0.0,neutral
global,Activistpost.com,Editor,"Under “CIA Spanberger”, Virginia Lawmakers Push Massive Anti-Gun Crusade","No matter which way the political pendulum swings, always expect the parasite class to infringe upon your liberties at every available opportunity when they have power. This is no different in the Commonwealth of Virginia, as recently our electorate underwent…",https://www.activistpost.com/under-cia-spanberger-virginia-lawmakers-push-massive-anti-gun-crusade/,2026-03-21T10:00:00Z,2026-03-22T10:18:15.512641,0.0,1.0,0.0,0.0,neutral
global,Ibtimes.com.au,Chris Walker,LIVE: Japan vs Australia Women's Asian Cup 2026 Final – Where to Watch Livestream?,SYDNEY — The stage is set for a blockbuster showdown as hosts Australia face arch-rivals Japan in the final of the AFC Women's Asian Cup 2026™ at Stadium Australia on Saturday,https://www.ibtimes.com.au/live-japan-vs-australia-womens-asian-cup-2026-final-where-watch-livestream-1863929,2026-03-21T09:59:39Z,2026-03-22T10:18:15.512641,0.0,1.0,0.0,0.0,neutral
global,Business Insider,Madeline Berg,I'm a billionaire with 8 kids. Here's how I avoid spoiling them — and my most important parenting rule,"British billionaire John Caudwell says he flies his kids economy, shops at Primark, and always tells them he loves them.",https://www.businessinsider.com/billionaire-john-caudwell-rules-parenting-kids-not-spoiling-fly-economy-2026-3,2026-03-21T09:59:01Z,2026-03-22T10:18:15.512641,0.103,0.798,0.098,-0.0276,neutral
global,Pypi.org,,lizhikeji-hello-world 0.1.3,A simple hello world package,https://pypi.org/project/lizhikeji-hello-world/0.1.3/,2026-03-21T09:58:09Z,2026-03-22T10:18:15.512641,0.0,1.0,0.0,0.0,neutral
global,BBC News,,BBC presenter Louise Minchin taken to hospital with frostbite during Artic challenge,The 57-year-old had been attempting to cycle 300 miles in three days in Canada's Northwestern Territories.,https://www.bbc.com/news/articles/cddq40lypldo,2026-03-21T09:57:14Z,2026-03-22T10:18:15.512641,0.0,0.894,0.106,0.0772,positive
global,Freerepublic.com,NY Post,‘Armageddon’ attack on Qatari plant could keep energy prices high around the world: analysts,Damage to a critical Qatari facility is threatening to keep energy prices high around the world even if the war in Iran ends soon in what some analysts are calling an “Armageddon” situation. Qatar’s Las Raffan plant supplies a fifth of the world’s liquefied n…,https://freerepublic.com/focus/f-chat/4371572/posts,2026-03-21T09:57:12Z,2026-03-22T10:18:15.512641,0.18,0.698,0.122,-0.25,negative
global,Get French Football News,Get French Football News,Lens’ Angelo Fulgini receives maiden New Caledonia call-up,"Angelo Fulgini (29) on loan at Saudi Pro League side Al-Taawoun from RC Lens, has received a first call-up to the New Caledonia national team.Fulgini has played 24 times for the Saudi Pro League side ...",https://www.getfootballnewsfrance.com/2026/lens-angelo-fulgini-receives-maiden-new-caledonia-call-up/,2026-03-21T09:55:00Z,2026-03-22T10:18:15.512641,0.0,1.0,0.0,0.0,neutral
global,The Times of India,Team Global,"Why One-Way Video Interviews Feel So Uncomfortable, Even When You’re Prepared","Hiring now uses one-way video interviews for efficiency. Candidates answer prompts alone, facing a screen. This impersonal approach reduces engagement and trust. Lack of transparency about algorithm use causes discomfort. Studies show human-like interfaces an…",https://economictimes.indiatimes.com/news/international/us/why-one-way-video-interviews-feel-so-uncomfortable-even-when-youre-prepared/articleshow/129716324.cms,2026-03-21T09:54:12Z,2026-03-22T10:18:15.512641,0.236,0.631,0.133,-0.3541,negative
global,BusinessLine,PTI,Vedanta reuses 85 million cubic metres of water across operations in FY26,"The announcement comes a day ahead of World Water Day on March 22, underscoring the company's commitment to scalable water management in a water-stressed world",https://www.thehindubusinessline.com/companies/vedanta-reuses-85-million-cubic-metres-of-water-across-operations-in-fy26/article70768844.ece,2026-03-21T09:52:48Z,2026-03-22T10:18:15.512641,0.0,1.0,0.0,0.0,neutral
global,DW (English),Rob Cameron,Czechs plan major rally as MPs mull 'foreign agent' law,Prague could see one of its largest demonstrations in recent years on Saturday. Many Czechs are preparing to protest what organizers of the rally describe as democratic backsliding under Prime Minister Andrej Babis.,https://www.dw.com/en/czechs-plan-major-rally-as-mps-mull-foreign-agent-law/a-76429630,2026-03-21T09:51:00Z,2026-03-22T10:18:15.512641,0.0,1.0,0.0,0.0,neutral
global,Ibtimes.com.au,Anthony Will,Is Cairo International Airport Open? Airport Fully Operational with Hundreds of Flights,"CAIRO — Cairo International Airport (CAI), Egypt's busiest aviation hub and a key gateway between Africa, Europe, the Middle East and Asia, remains fully open and handling regular commercial passenger traffic on March 21, 2026, despite widespread disruptions …",https://www.ibtimes.com.au/cairo-international-airport-open-airport-fully-operational-hundreds-flights-1863924,2026-03-21T09:50:00Z,2026-03-22T10:18:15.512641,0.0,1.0,0.0,0.0,neutral
global,The Times of India,ET Online,Quote of the day by Paulo Coelho: 'Nothing in the world is ever completely wrong. Even a stopped clock is right twice a day' - How to find meaning even in mistakes explained by 'The Alchemist' author,"This 'Quote of the Day' by Paulo Coelho highlights a simple but meaningful shift in perspective, suggesting that even mistakes, failures, or imperfect situations can hold some value. Rather than viewing things as entirely negative, the quote encourages a more…",https://economictimes.indiatimes.com/magazines/panache/quote-of-the-day-by-paulo-coelho-nothing-in-the-world-is-ever-completely-wrong-even-a-stopped-clock-is-right-twice-a-day-how-to-find-meaning-even-in-mistakes-explained-by-the-alchemist-author/articleshow/129716448.cms,2026-03-21T09:49:29Z,2026-03-22T10:18:15.512641,0.186,0.814,0.0,-0.7778,negative
global,Sputnikglobe.com,Sputnik International,"Israel, US Attack Iran's Natanz Nuclear Facility, No Leaks Reported","MOSCOW (Sputnik) - Israel and the United States attacked the Natanz uranium enrichment facility in Iran on Saturday, with no leaks reported, the Atomic Energy Organization of Iran (AEOI) said.",https://sputnikglobe.com/20260321/israel-us-attack-irans-natanz-nuclear-facility-no-leaks-reported--1123872810.html,2026-03-21T09:49:03Z,2026-03-22T10:18:15.512641,0.398,0.602,0.0,-0.6486,negative
global,Football Italia,Lorenzo Bettoni,Video: McTominay switches from English to Italian in funny post-match interview,Napoli star Scott McTominay hilariously switched from English to Italian in a post-match interview following a 1-0 away win at Cagliari on Friday.,https://football-italia.net/mctominay-switches-english-italian-interview/,2026-03-21T09:47:14Z,2026-03-22T10:18:15.512641,0.0,0.775,0.225,0.4404,positive
global,USA Today,"Josh Helmer, Hawkeyes Wire",Iowa basketball comments on March Madness win over Clemson,Iowa basketball stars Bennett Stirtz and Kael Combs and head coach Ben McCollum commented on the Hawkeyes' March Madness win over Clemson.,https://hawkeyeswire.usatoday.com/story/sports/college/hawkeyes/mens-basketball/2026/03/21/iowa-basketball-postgame-vs-clemson-march-madness/89258081007/,2026-03-21T09:46:04Z,2026-03-22T10:18:15.512641,0.212,0.511,0.277,0.2263,positive
global,Slate Magazine,Rebecca Onion,Hot Celebrities Are Reading Smut Aloud for Romance Fans. I Tried Listening—and Kind of Liked It.,Quinn is carving out a new space in audio erotica and courting romance fans with a canny strategy.,https://slate.com/culture/2026/03/quinn-app-audio-stories-erotica-ember-and-ice-rob-rausch-romance-books.html,2026-03-21T09:45:00Z,2026-03-22T10:18:15.512641,0.0,0.696,0.304,0.7275,positive
global,Trendir.com,Alexandru Ion,26 Art Deco Interior Design Ideas With Zero Tolerance for Playing It Safe With Patterns,"Craving a space filled with glamour and vintage charm? These 26 Art Deco interior design ideas are bold, luxurious, and beautifully geometric — perfect for bringing timeless sophistication to your home with dazzling details, rich materials, and that signature…",https://www.trendir.com/art-deco-interior-design-ideas/,2026-03-21T09:45:00Z,2026-03-22T10:18:15.512641,0.0,0.635,0.365,0.7096,positive
global,Business Insider,Brent D. Griffiths,Kalshi cofounders' favorite users include 'this guy who lives in Kansas' who is their best inflation forecaster,"Kalshi CEO Tarek Mansour said one of his favorite users is ""this guy who lives in Kansas"" who nails inflation forecasts.",https://www.businessinsider.com/kalshi-cofounders-favorite-users-kansas-guy-inflation-ariana-grande-2026-3,2026-03-21T09:44:01Z,2026-03-22T10:18:15.512641,0.0,0.676,0.324,0.802,positive
global,NPR,NPR Staff,"Iran war enters its fourth week, with no clear end in sight","As the war in the Middle East enters its fourth week, President Trump says the U.S. is considering ""winding down"" military efforts, as it also seeks to ease the energy crisis by lifting sanctions on Iranian oil stranded at sea.",https://www.npr.org/2026/03/21/nx-s1-5755539/iran-war-fourth-week,2026-03-21T09:43:23Z,2026-03-22T10:18:15.512641,0.378,0.622,0.0,-0.7256,negative
global,The Times of India,Team Global,Inside the Changing Social Lives of Animals Across the World,"Animal societies are dynamic, with relationships evolving due to environmental shifts and competition. A global research initiative, 'Being Social,' invites scientists to explore these changes, including insights from India. Studies reveal how kinship and age…",https://economictimes.indiatimes.com/news/international/us/inside-the-changing-social-lives-of-animals-across-the-world/articleshow/129716325.cms,2026-03-21T09:42:13Z,2026-03-22T10:18:15.512641,0.0,1.0,0.0,0.0,neutral
global,The Indian Express,Yashaswini Sri,"BTS Comeback Arirang Concert 2026 LIVE Updates: BTS returns to stage after long hiatus; 260,000 fans expected to attend in Seoul","BTS returned to Seoul on Saturday in front of a crowd of up to 260,000 fans, streaming live to 190 countries on Netflix in what is being called the largest public concert in South Korean history.",https://indianexpress.com/article/entertainment/korean/bts-comeback-2026-arirang-concert-live-updates-date-time-netflix-streaming-10593968/,2026-03-21T09:41:55Z,2026-03-22T10:18:15.512641,0.0,1.0,0.0,0.0,neutral
global,Abcnews.com,The Associated Press,Russian strike on Zaporizhzhia kills 2 as Ukraine seeks to move forward peace talks,"A Russian drone strike on the Ukrainian city of Zaporizhzhia killed at least two people and wounded two children Saturday, a regional official said, as a Ukrainian delegation headed to the United States for talks aimed at restarting stalled peace negot...",https://abcnews.com/International/wireStory/russian-strike-zaporizhzhia-kills-2-ukraine-seeks-move-131279633,2026-03-21T09:41:21Z,2026-03-22T10:18:15.512641,0.256,0.564,0.179,-0.128,negative
global,Barcauniversal.com,Barca Universal,Barcelona captain makes firm decision on future amid continued Saudi Arabia interest,"Raphinha has become one of the key figures behind FC Barcelona’s recent strong run of form. When he has not been on the pitch, the team has noticeably struggled, both in terms of pressing and overal...",https://barcauniversal.com/barcelona-captain-makes-firm-decision-on-future-amid-continued-saudi-arabia-interest/,2026-03-21T09:40:00Z,2026-03-22T10:18:15.512641,0.0,0.786,0.214,0.4588,positive
global,RTE,RTÉ Sport,Maguire and Walsh miss the cut at the Founders Cup,"Leona Maguire and Lauren Walsh both missed the midway cut at the Fortinet Founders Cup in Menlo Park, California.",https://www.rte.ie/sport/golf/2026/0321/1564498-maguire-and-walsh-miss-the-cut-at-the-founders-cup/,2026-03-21T09:37:11Z,2026-03-22T10:18:15.512641,0.316,0.684,0.0,-0.4019,negative
global,DW (English),"Cathrin Schaer, Omar Albam",Why Syria's new alcohol ban is about much more than beer,"This week's ban on alcohol in Damascus has sparked a debate among Syrians. Some say it's about more than just being able to have a drink: It's about the country's future governance, personal freedoms and community unity.",https://www.dw.com/en/why-syrias-new-alcohol-ban-is-about-much-more-than-beer/a-76457547,2026-03-21T09:37:00Z,2026-03-22T10:18:15.512641,0.265,0.735,0.0,-0.5574,negative
global,DW (English),"Cathrin Schaer, Omar Albam",Beer bans and burkinis: Signs of growing authoritarianism in the new Syria?,"This week's ban on alcohol in Damascus has sparked a debate among Syrians. Some say it's about more than just being able to have a drink, it's about the country's future governance, personal freedoms and community unity.",https://www.dw.com/en/beer-bans-and-burkinis-signs-of-growing-authoritarianism-in-the-new-syria/a-76457547,2026-03-21T09:37:00Z,2026-03-22T10:18:15.512641,0.0,0.866,0.134,0.1779,positive
global,DW (English),"Cathrin Schaer, Omar Albam","As cherished secular freedoms are chipped away at, some see signs of a new authoritarianism in Syria","This week's ban on alcohol in Damascus has sparked a debate among Syrians. Some say it's about more than just being able to have a drink: It's about the country's future governance, personal freedoms and community unity.",https://www.dw.com/en/as-cherished-secular-freedoms-are-chipped-away-at-some-see-signs-of-a-new-authoritarianism-in-syria/a-76457547,2026-03-21T09:37:00Z,2026-03-22T10:18:15.512641,0.0,0.732,0.268,0.6705,positive
global,Al Jazeera English,Al Jazeera Staff,"Real Madrid vs Atletico Madrid: La Liga – team news, start, lineups","Madrid host rivals Atletico at the Santiago Bernabeu as they aim to stay in touch with Barca, who are four points clear.",https://www.aljazeera.com/sports/2026/3/21/real-madrid-vs-atletico-madrid-la-liga-team-news-start-lineups,2026-03-21T09:34:42Z,2026-03-22T10:18:15.512641,0.0,1.0,0.0,0.0,neutral
global,Globalsecurity.org,John Pike,Naval partners sail together,"In the warm waters of the Top End, three ships proved the word friendship cannot be written without partners or naval vessels.",https://www.globalsecurity.org/wmd/library/news/australia/2026/australia-260320-audod03.htm,2026-03-21T09:32:57Z,2026-03-22T10:18:15.512641,0.0,1.0,0.0,0.0,neutral
global,Globalsecurity.org,John Pike,Zelensky Using Terrorism to Undermine Ukraine Negotiation Progress - Russian MFA,"Between March 17 and 19, the Ukrainian Armed Forces attacked infrastructure related to the TurkStream and Blue Stream pipelines, but the attacks were repelled, Russian Foreign Ministry spokeswoman Maria Zakharova said.",https://www.globalsecurity.org/wmd/library/news/ukraine/2026/03/ukraine-260320-sputnik01.htm,2026-03-21T09:32:57Z,2026-03-22T10:18:15.512641,0.386,0.455,0.159,-0.6124,negative
global,Globalsecurity.org,John Pike,"Trump, Takaichi reaffirm commitment to peace in Taiwan Strait",U.S. President Donald Trump and Japanese Prime Minister Sanae Takaichi on Thursday affirmed their shared commitment to peace and stability across the Taiwan Strait and opposition to any attempts to unilaterally change the status quo.,https://www.globalsecurity.org/wmd/library/news/taiwan/2026/taiwan-260320-cna01.htm,2026-03-21T09:32:57Z,2026-03-22T10:18:15.512641,0.0,0.534,0.466,0.7269,positive
global,Globalsecurity.org,John Pike,Parliamentary Secretary Naqvi visits Poland to champion Canada's defence-sector commercialization and nuclear cooperation,"This week, Yasir Naqvi, Parliamentary Secretary to the Minister of International Trade and to the Secretary of State (International Development), travelled to Poland to advance Canada's defence export efforts and promote Canada's nuclear sector at the Baltic …",https://www.globalsecurity.org/wmd/library/news/canada/2026/canada-260320-canada01.htm,2026-03-21T09:32:57Z,2026-03-22T10:18:15.512641,0.0,0.755,0.245,0.5994,positive
global,Globalsecurity.org,John Pike,MSMEs and start-ups are safeguarding national interests by strengthening defence capabilities & contributing to self-reliance vision: Raksha Rajya Mantri at National Defence Industries Conclave 2026,"The National Defence Industries Conclave (NDIC) 2026, organised by the Department of Defence Production (DDP) on the theme 'Advanced Manufacturing Technologies', concluded at the Manekshaw Centre, New Delhi on March 20, 2026, after two days of extensive discu…",https://www.globalsecurity.org/wmd/library/news/india/2026/india-260320-india-pib01.htm,2026-03-21T09:32:57Z,2026-03-22T10:18:15.512641,0.0,0.611,0.389,0.8442,positive
global,Globalsecurity.org,John Pike,US Lawmakers Back Funds To Track Abducted Ukrainian Children As Key Research Unit Nears Shutdown,"As the US Congress begins shaping its Fiscal Year 2027 budget, a small but symbolically powerful provision has emerged from both chambers: $15 million dedicated to tracking Ukrainian children abducted by Russia -- a program whose funding was cut by President …",https://www.globalsecurity.org/wmd/library/news/ukraine/2026/03/ukraine-260320-rferl02.htm,2026-03-21T09:32:57Z,2026-03-22T10:18:15.512641,0.191,0.809,0.0,-0.5106,negative
global,Globalsecurity.org,John Pike,KCNA Commentary on Expanded Japanese Munitions Industry,"The militarist entity of Japan, which has completely removed its veil of ""exclusive defense"", is openly coming out to the world.",https://www.globalsecurity.org/wmd/library/news/dprk/2026/dprk-260320-kcna03.htm,2026-03-21T09:32:57Z,2026-03-22T10:18:15.512641,0.0,1.0,0.0,0.0,neutral
global,Globalsecurity.org,John Pike,Russia has committed crimes against humanity,A new UN report concludes that Russa has committed crimes against humanity in the deportation and forcible transfer of Ukrainian children from their families.,https://www.globalsecurity.org/wmd/library/news/ukraine/2026/03/ukraine-260320-govno01.htm,2026-03-21T09:32:57Z,2026-03-22T10:18:15.512641,0.0,0.704,0.296,0.2732,positive
global,Globalsecurity.org,John Pike,Taiwan withdraws from WTO event in Cameroon over national designation,"The Ministry of Foreign Affairs (MOFA) on Friday condemned Cameroon for listing Taiwan as ""Taiwan, Province of China"" in visa documents for an upcoming World Trade Organization (WTO) ministerial conference, a move that led to Taiwan's withdrawal from the even…",https://www.globalsecurity.org/wmd/library/news/taiwan/2026/taiwan-260320-cna02.htm,2026-03-21T09:32:57Z,2026-03-22T10:18:15.512641,0.0,1.0,0.0,0.0,neutral
global,Globalsecurity.org,John Pike,"Belarus Could Boost Potash Exports After US Move, But EU Barriers, Logistical Hurdles Remain","The United States announced on March 19 that it is easing sanctions on several Belarusian companies, including Agrorozkvit, Belaruskali, and its marketing arm, the Belarusian Potash Company, after a deal was agreed to release 250 prisoners being held in Belar…",https://www.globalsecurity.org/wmd/library/news/belarus/2026/belarus-260320-rferl01.htm,2026-03-21T09:32:57Z,2026-03-22T10:18:15.512641,0.0,0.875,0.125,0.2144,positive
global,Motorsport.com,Ben Vinel,Eight shock Formula 1 team principal changes,"As Motorsport understands Adrian Newey is set forgo his team principal duties to focus on technical matters at Aston Martin, and Jonathan Wheatley will replace him after departing Audi, let’s have a look at previous unexpected team principal moves in F1 histo…",https://www.motorsport.com/f1/news/eight-shock-formula-1-team-principal-changes/10806784/,2026-03-21T09:32:19Z,2026-03-22T10:18:15.512641,0.302,0.698,0.0,-0.3818,negative
global,autosport.com,Ben Vinel,Eight shock Formula 1 team principal changes,"2007 - Ferrari hero Ross Brawn moves to HondaHaving played a key role in every world title won by Michael Schumacher as technical director at Benetton and at Ferrari, Ross Brawn left the Scuderia at the same time as the German, in late 2006. One year later, h…",https://www.autosport.com/f1/news/eight-shock-formula-1-team-principal-changes/10806799/,2026-03-21T09:32:09Z,2026-03-22T10:18:15.512641,0.302,0.698,0.0,-0.3818,negative
global,The Times of India,PTI,Jal Shakti ministry to host World Water Day conclave; over 700 delegates to attend,"The Jal Shakti ministry will host the World Water Day Conclave 2026 in Delhi on March 23, expecting over 700 delegates. The event will focus on sustainable water management, highlighting industry's role and releasing key national reports. The conclave aims to…",https://economictimes.indiatimes.com/news/india/jal-shakti-ministry-to-host-world-water-day-conclave-over-700-delegates-to-attend/articleshow/129716468.cms,2026-03-21T09:31:59Z,2026-03-22T10:18:15.512641,0.0,1.0,0.0,0.0,neutral
global,Al Jazeera English,Al Jazeera Staff,"Israel systematically torturing Palestinians in custody, says UN expert",Report by Francesca Albanese says 'torture in detention used on unprecedented scale as punitive collective vengeance'.,https://www.aljazeera.com/news/2026/3/21/israel-systematically-torturing-palestinians-in-custody-says-un-expert,2026-03-21T09:31:47Z,2026-03-22T10:18:15.512641,0.333,0.667,0.0,-0.6124,negative
global,CNA,,Azmoun left out of Iran squad after expulsion reports,"March 21 : Striker Sardar Azmoun was omitted from the Iran squad announced for two World Cup warm-ups after Iranian media reports that he had been expelled from the national team for a perceived act of disloyalty to the government. Azmoun, who has scored 57 g…",https://www.channelnewsasia.com/sport/azmoun-left-out-iran-squad-after-expulsion-reports-6008626,2026-03-21T09:31:03Z,2026-03-22T10:18:15.512641,0.0,1.0,0.0,0.0,neutral
global,Android Authority,Rita El Khoury,I don’t recognize the Android I fell in love with anymore,"Android has shifted under our eyes over the last 18 years, from open and free to dozens of obstacles and restrictions. Was it a victim of its own success?",https://www.androidauthority.com/i-dont-recognize-android-i-fell-in-love-with-3650462/,2026-03-21T09:30:37Z,2026-03-22T10:18:15.512641,0.0,0.704,0.296,0.6369,positive
global,TheJournal.ie,David Sneyd,All you need to know about the biggest Ireland football match of the decade so far,"Heimir Hallgrímsson’s side face a one-off World Cup play-off in Prague, with a potential final in Dublin and a trip to North America on the line.",https://www.thejournal.ie/ireland-czechia-playoff-what-next-why-how-ahhhh-6990965-Mar2026/,2026-03-21T09:30:24Z,2026-03-22T10:18:15.512641,0.0,1.0,0.0,0.0,neutral
global,Gossiplankanews.com,noreply@blogger.com (Unknown),Wanindu likely to lose IPL and 2 Crores,"Sri Lankan all-rounder Wanindu Hasaranga is at risk of missing this year's Indian Premier League (IPL) tournament due to an injury. The Lucknow Super Giants team, which he was scheduled to represent, has instead taken steps to include West Indies spinner Guda…",https://english.gossiplankanews.com/2026/03/wanindu-likely-to-lose-ipl-and-2-crores.html,2026-03-21T09:30:19Z,2026-03-22T10:18:15.512641,0.278,0.722,0.0,-0.4019,negative
global,CryptoSlate,Andjela Radmilac,SEC to reduce Wall Street transparency as public blockchains are gaining an institutional foothold,"A proposal in Washington could alter one of the basic rhythms of US markets: how often public companies have to publish quarterly reports. The SEC is reportedly preparing a proposal that would make quarterly reporting optional, letting companies file financia…",https://cryptoslate.com/sec-to-reduce-wall-street-transparency-as-public-blockchains-are-gaining-an-institutional-foothold/,2026-03-21T09:30:15Z,2026-03-22T10:18:15.512641,0.0,0.823,0.177,0.4215,positive
global,The Celtic Star,The Celtic Star,Don’t scoff at Celtic’s pursuit of Plymouth Argyle striker Lorent Tolaj,"Don’t scoff at Celtic’s interest in Lorent Tolaj…Celtic have been linked with a summer move for Plymouth Argyle striker Lorent Tolaj, after monitoring the Swiss goalscorer on numerous occasions....",https://thecelticstar.com/dont-scoff-at-celtics-pursuit-of-plymouth-argyle-striker-lorent-tolaj/,2026-03-21T09:30:00Z,2026-03-22T10:18:15.512641,0.0,1.0,0.0,0.0,neutral
global,Soldiersystems.net,Eric G,Barrett’s Defense Technologies Releases White Paper Calling for Focus on Dismounted Soldier in Europe,"Fabbrica d’Armi Pietro Beretta S.p.A., founding member of the Beretta Defense Technologies (BDT) strategic alliance of Beretta Holding group companies, is launching a White Paper calling for greater consideration of the dismounted soldier in Europe’s defence …",https://soldiersystems.net/2026/03/21/barretts-defense-technologies-releases-white-paper-calling-for-focus-on-dismounted-soldier-in-europe/,2026-03-21T09:30:00Z,2026-03-22T10:18:15.512641,0.0,0.897,0.103,0.128,positive
